{
  "camera": {
    "P": [
      915.575, 0.0, 957.69,
      0.0, 915.425, 556.35,
      0.0, 0.0, 1.0
    ],
    "distortion": [
      0.447,
      -2.5,
      0.00094,
      -0.00053,
      1.432      
    ],

    "other properties will be ignored": "",
    "width": 1920,
    "height": 1080
  }
}
